"Name","lib_long__c","lib_technique__c","debut__c","fin__c","Sel_Ref_Categorie_Document__r.code__c","Deposable__c","Generique__c","code__c"
"notation annuelle","Toutes les notations annuelles","notationannuelle","2024-01-05T09:58:46.000+0000","3999-12-31T00:00:00.000+0000","5","true","false","501"
"récompenses et punitions","Relevé des récompenses et punitions","recompensepunition","2024-01-05T10:01:23.000+0000","3999-12-31T00:00:00.000+0000","5","true","false","502"
"photo d'identité","Photo d'identité","photoident","2022-03-01T11:06:47.000+0000","3999-12-31T00:00:00.000+0000","1","true","true","101"
"pièce d'identité","Pièce d'identité","pieceident","2022-03-01T11:06:47.000+0000","3999-12-31T00:00:00.000+0000","1","true","true","102"
"diplômes(s)","Diplôme(s)","diplome","2022-03-01T11:06:47.000+0000","3999-12-31T00:00:00.000+0000","7","true","true","701"
"dérogation age","Dossier dérogation d'âge","derogage","2022-03-01T11:06:47.000+0000","3999-12-31T00:00:00.000+0000","3","false","false","301"
"dérogation age remplie","Dossier dérogation d'âge rempli","derogagerempli","2022-03-01T11:06:47.000+0000","3999-12-31T00:00:00.000+0000","3","true","false","302"
"extrait d'acte de naissance","Extrait d'acte de naissance","ean","2022-03-01T11:06:47.000+0000","3999-12-31T00:00:00.000+0000","1","true","true","103"
"JDC","Attestation de participation à la JDC","certijdc","2022-03-01T11:06:47.000+0000","3999-12-31T00:00:00.000+0000","4","true","true","401"
"etat signalétique des services","État signalétique des services militaires (ESS)","ess","2022-03-01T11:06:47.000+0000","3999-12-31T00:00:00.000+0000","5","true","false","503"
"diplôme obligatoire","Diplôme obligatoire","diplomeobligatoire","2022-03-01T11:06:47.000+0000","3999-12-31T00:00:00.000+0000","7","true","false","702"
"CV","CV","cv","2022-03-01T11:06:47.000+0000","3999-12-31T00:00:00.000+0000","8","true","false","801"
"lettre de motivation","Lettre de motivation","lettremotivation","2022-03-01T11:06:47.000+0000","3999-12-31T00:00:00.000+0000","8","true","false","802"
"certificat médical civil","Certificat médical civil","cerficatmedicalcivil","2022-03-01T11:06:47.000+0000","3999-12-31T00:00:00.000+0000","9","true","false","901"
"equivalence RNCP","Equivalence RNCP","rncp","2022-03-01T11:06:47.000+0000","3999-12-31T00:00:00.000+0000","7","true","false","703"
"autorisation parentale remplie","Autorisation parentale remplie","autoparentrempli","2022-03-01T11:06:47.000+0000","3999-12-31T00:00:00.000+0000","2","true","false","201"
"autorisation parentale","Autorisation parentale","autoparent","2022-03-01T11:06:47.000+0000","3999-12-31T00:00:00.000+0000","2","false","false","202"
"justificatif de domicile","Justificatif de domicile","justifdomicile","2022-03-01T11:06:47.000+0000","3999-12-31T00:00:00.000+0000","6","true","false","601"
"permis","Permis de conduire","ean","2022-03-01T11:06:47.000+0000","3999-12-31T00:00:00.000+0000","1","true","true","104"
"relevé de note","Relevé de notes des deux dernières anées","relevenote","2022-03-01T11:06:47.000+0000","3999-12-31T00:00:00.000+0000","7","true","false","704"
"lettre de motivation manuscrite","Lettre de motivation (manuscrite)","lettremotivationmanuscrite","2022-03-01T11:06:47.000+0000","3999-12-31T00:00:00.000+0000","8","true","false","803"
"attestation emploi","Attestation autorité d'emploi justifiant 1 an de service","attestatioemploi","2022-03-01T11:06:47.000+0000","3999-12-31T00:00:00.000+0000","8","true","false","804"
"dossier professionnel","Dossiers professionnels","dossierpro","2022-03-01T11:06:47.000+0000","3999-12-31T00:00:00.000+0000","8","true","false","805"
"entretien professionnel","Dernier compte rendu entretien professionnel","enttretienpro","2022-03-01T11:06:47.000+0000","3999-12-31T00:00:00.000+0000","8","true","false","806"
"dernière note","Dernière feuille de note","dernierenote","2022-03-01T11:06:47.000+0000","3999-12-31T00:00:00.000+0000","8","true","false","807"
"avis imposition","Dernier avis d'imposition ou de non imposition (candidat, conjoint, ou personne vivant en couple et de ses parents)","avisimposition","2022-03-01T11:06:47.000+0000","3999-12-31T00:00:00.000+0000","8","true","false","808"
"justifiaction bourse","Justificatif de l'obtention d'une bourse d'études","justifbourse","2022-03-01T11:06:47.000+0000","3999-12-31T00:00:00.000+0000","8","true","false","809"
"livret de famille","Livret de famille (si enfants à charge)","livretfamille","2022-03-01T11:06:47.000+0000","3999-12-31T00:00:00.000+0000","8","true","true","810"
"etat des services civils","État des services civils","esc","2022-03-01T11:06:47.000+0000","3999-12-31T00:00:00.000+0000","8","true","false","811"
"certificat médical militaire","Certificat médical militaire","cerficatmedicalmilitaire","2022-03-01T11:06:47.000+0000","3999-12-31T00:00:00.000+0000","9","true","false","902"
"modèle certificat médical","Modèle de certificat médical","modelecerficatmedical","2022-03-01T11:06:47.000+0000","3999-12-31T00:00:00.000+0000","9","false","false","903"
"plan d'accès","Plan d'accès","planacces","2022-03-01T11:06:47.000+0000","3999-12-31T00:00:00.000+0000","10","false","false","1001"
"convocation","Convocation","convoc","2022-03-01T11:06:47.000+0000","3999-12-31T00:00:00.000+0000","11","false","false","1002"